<?xml version="1.0" encoding="UTF-8"?>
<project-private xmlns="http://www.netbeans.org/ns/project-private/1">
    <data xmlns="http://www.netbeans.org/ns/profiler/1" version="0.9.1"/>
    <editor-bookmarks xmlns="http://www.netbeans.org/ns/editor-bookmarks/1">
        <file>
            <url>src/program/image/ImageProcessor.java</url>
            <line>132</line>
        </file>
        <file>
            <url>src/program/neuralnetwork/NeuralNetwork.java</url>
            <line>477</line>
        </file>
    </editor-bookmarks>
    <editor-bookmarks xmlns="http://www.netbeans.org/ns/editor-bookmarks/2" lastBookmarkId="0">
        <file>
            <url>src/program/image/ImageProcessor.java</url>
            <bookmark id="0">
                <name/>
                <line>132</line>
                <key/>
            </bookmark>
        </file>
        <file>
            <url>src/program/neuralnetwork/NeuralNetwork.java</url>
            <bookmark id="0">
                <name/>
                <line>477</line>
                <key/>
            </bookmark>
        </file>
    </editor-bookmarks>
    <open-files xmlns="http://www.netbeans.org/ns/projectui-open-files/2">
        <group>
            <file>file:/A:/programms/netbeans/java/javaanpr/src/javaanpr/gui/windows/FrameComponentInit.java</file>
            <file>file:/A:/programms/netbeans/java/javaanpr/src/javaanpr/gui/windows/FrameHelp.java</file>
            <file>file:/A:/programms/netbeans/java/javaanpr/src/javaanpr/gui/windows/FrameMain.java</file>
            <file>file:/A:/programms/netbeans/java/javaanpr/src/javaanpr/Main.java</file>
        </group>
    </open-files>
</project-private>
